10,"Abborrberget",60.15,14.8,300
10,"Älvdalen",61.22774,14.03935,253
10,"Avesta",60.14274,16.16295,89
10,"Backa",60.92286,15.10016,228
10,"Bäsna",60.53333,15.2,213
10,"Bengtsheden",60.71183,15.87313,108
10,"Björbo",60.45935,14.71598,212
10,"Bjursås",60.73726,15.45291,177
10,"Boda",61.01667,15.21667,353
10,"Borlänge",60.4858,15.43714,124
10,"Brunna",60.26255,16.01034,55
10,"Djurås",60.56061,15.13281,172
10,"Djurmo",60.55027,15.18362,207
10,"Enbacka",60.40993,15.59575,118
10,"Enviken",60.8,15.78333,137
10,"Falun",60.60357,15.62597,97
10,"Färnäs",61,14.63333,200
10,"Floda",60.5061,14.79275,198
10,"Fors",60.20767,16.30787,60
10,"Fredriksberg",60.13333,14.38333,350
10,"Gagnef",60.59856,15.07745,172
10,"Garpenberg",60.31667,16.2,130
10,"Grängesberg",60.07465,15.00784,305
10,"Grycksbo",60.68751,15.48507,159
10,"Häradsbygden",60.7,15.03333,195
10,"Hedemora",60.27973,15.98855,101
10,"Horndal",60.3,16.41667,120
10,"Idre",61.85821,12.71401,445
10,"Insjön",60.67688,15.09487,200
10,"Järna",60.53333,14.36667,234
10,"Krylbo",60.13333,16.21667,66
10,"Långshyttan",60.45238,16.03831,104
10,"Leksand",60.7303,14.99994,163
10,"Linghed",60.78333,15.85,150
10,"Ludvika",60.14959,15.18776,143
10,"Malung",60.68329,13.71542,300
10,"Malungsfors",60.73333,13.55,302
10,"Mockfjärd",60.5,14.96667,177
10,"Mora",60.4,15.6,157
10,"Mora",61.00704,14.54316,162
10,"Nusnäs",60.96667,14.63333,176
10,"Nyhammar",60.28333,14.96667,174
10,"Ornäs",60.50944,15.54128,108
10,"Orsa",61.12034,14.6155,169
10,"Östnor",61.03333,14.48333,171
10,"Råby",60.1,16.36667,74
10,"Rättvik",60.88632,15.11787,174
10,"Romme",60.43333,15.5,149
10,"Rot",61.25,14.03333,263
10,"Sågmyra",60.71667,15.28333,213
10,"Sälen",61.15,13.26667,367
10,"Särna",61.69284,13.14257,424
10,"Säter",60.34778,15.75051,151
10,"Saxdalen",60.14696,14.98553,175
10,"Selja",61.01667,14.46667,172
10,"Siljansnäs",60.78333,14.85,221
10,"Sjövik",60.15,16.31667,38
10,"Smedby",60.7,15.05,177
10,"Smedjebacken",60.14181,15.41416,105
10,"Söderbärke",60.07011,15.56025,79
10,"Sollerön",60.91667,14.61667,193
10,"Sörvik",60.18393,15.15633,175
10,"Sundborn",60.65,15.76667,107
10,"Sunnansjö",60.21667,14.95,170
10,"Svärdsjö",60.74022,15.90173,132
10,"Tällberg",60.81667,15,211
10,"Tomtebo",60.41667,15.71667,101
10,"Torsång",60.46667,15.56667,104
10,"Våmhus",61.11491,14.4718,181
10,"Vansbro",60.50893,14.22458,250
10,"Vika",60.51341,15.7161,125
10,"Vikarbyn",60.91667,15.01667,215
10,"Vikmanshyttan",60.29752,15.83141,116
12,"Älmhult",56.55146,14.13827,144
12,"Alstermo",56.97303,15.65413,156
12,"Alvesta",56.89935,14.55559,152
12,"Åryd",56.82762,14.97937,171
12,"Åseda",57.1701,15.3443,238
12,"Braås",57.06667,15.05,188
12,"Diö",56.63333,14.21667,147
12,"Gemla",56.86753,14.64379,156
12,"Grimslöv",56.73333,14.53333,167
12,"Hovmantorp",56.78685,15.14023,152
12,"Ingelstad",56.75,14.91667,160
12,"Kosta",56.84332,15.39618,235
12,"Lagan",56.91667,13.98333,148
12,"Lammhult",57.16667,14.58333,210
12,"Lenhovda",57,15.28333,266
12,"Lessebo",56.75185,15.26969,164
12,"Liatorp",56.66667,14.26667,164
12,"Lidhult",56.83333,13.43333,163
12,"Ljungby",56.83324,13.94082,142
12,"Markaryd",56.46135,13.59644,109
12,"Moheda",57,14.56667,170
12,"Rottne",57.01667,14.9,190
12,"Ryd",56.46667,14.68333,147
12,"Ryssby",56.86667,14.16667,144
12,"Skruv",56.67646,15.3659,139
12,"Skruv",57.15,15.16667,255
12,"Strömsnäsbruk",56.55,13.71667,124
12,"Timsfors",56.48333,13.58333,106
12,"Tingsryd",56.5247,14.97902,140
12,"Traryd",56.57864,13.74916,129
12,"Urshult",56.53333,14.78333,147
12,"Väckelsång",56.63333,14.91667,150
12,"Växjö",56.87767,14.80906,169
12,"Vislanda",56.78333,14.45,164
14,"Alvik",65.51667,21.76667,3
14,"Älvsbyn",65.67624,21.00162,33
14,"Ånäset",65.45,20.88333,180
14,"Antnäs",65.55462,21.83551,4
14,"Arjeplog",66.05173,17.88606,426
14,"Arvidsjaur",65.59033,19.16682,380
14,"Bensbyn",65.64179,22.24227,1
14,"Bergnäset",65.57791,22.10844,1
14,"Bergsviken",65.3,21.38333,13
14,"Björkskatan",65.61373,22.17702,42
14,"Boden",65.82518,21.68864,10
14,"Gällivare",67.13387,20.65278,363
14,"Gammelstad",65.63931,22.01145,19
14,"Guojkkasuoluoj",65.64762,18.09909,410
14,"Haparanda",65.83549,24.13676,5
14,"Hortlax",65.28188,21.40544,10
14,"Jävre",65.15,21.48333,29
14,"Jokkmokk",66.60665,19.82324,251
14,"Jukkasjärvi",67.85,20.61667,321
14,"Kalix",65.85298,23.15645,-9999
14,"Kiruna",67.85572,20.22513,579
14,"Korpilombolo",66.85177,23.05515,144
14,"Koskullskulle",67.18333,20.75,297
14,"Långvik",66.11667,22.23333,143
14,"Luleå",65.58415,22.15465,17
14,"Malmberget",67.17529,20.65495,418
14,"Marielund",65.85307,24.10486,11
14,"Måttsund",65.55,21.9,65
14,"Norrfjärden",65.41805,21.50151,3
14,"Nyborg",65.78333,23.2,7
14,"Östansjö",66.09188,17.52283,436
14,"Överkalix",66.32754,22.84414,41
14,"Övertorneå",66.38778,23.65425,54
14,"Pajala",67.21284,23.36607,173
14,"Piteå",65.31717,21.47944,6
14,"Råneå",65.85482,22.29126,25
14,"Risögrund",65.81089,23.24496,-9999
14,"Roknäs",65.35,21.2,5
14,"Rolfs",65.85,23.11667,16
14,"Rosvik",65.43333,21.7,16
14,"Rutvik",65.67171,22.08973,12
14,"Sangis",65.85573,23.49689,16
14,"Sävast",65.77002,21.73113,21
14,"Södra Sunderbyn",65.65983,21.94004,3
14,"Töre",65.91243,22.65128,30
14,"Tuolluvaara",67.85,20.33333,448
14,"Vidsel",65.83533,20.51908,94
14,"Vittangi",67.67589,21.64204,252
14,"Vuollerim",66.43038,20.62434,104
15,"Åbytorp",59.12559,15.07363,57
15,"Åsbro",59,15.05,126
15,"Askersund",58.87988,14.9023,101
15,"Baggetorp",59.15,14.63333,128
15,"Degerfors",59.23797,14.43077,112
15,"Ekeby-Almby",59.26,15.33,45
15,"Fellingsbro",59.43333,15.58333,26
15,"Finnerödja",58.93333,14.43333,97
15,"Fjugesta",59.17375,14.87227,69
15,"Frövi",59.46667,15.36667,45
15,"Garphyttan",59.30429,14.94623,99
15,"Glanshammar",59.31667,15.4,39
15,"Grythyttan",59.70593,14.53453,187
15,"Gyttorp",59.50503,14.96661,123
15,"Hällabrottet",59.11667,15.2,60
15,"Hällefors",59.78388,14.52197,201
15,"Hallsberg",59.06463,15.10993,55
15,"Hovsta",59.35,15.21667,39
15,"Karlskoga",59.32667,14.52386,119
15,"Kopparberg",59.87597,14.99436,167
15,"Kumla",59.1277,15.14341,57
15,"Latorpsbruk",59.27264,14.98328,75
15,"Laxå",58.9863,14.61904,99
15,"Lindesberg",59.59202,15.2304,74
15,"Mellösa",59.2,15.5,27
15,"Mosås",59.2,15.13333,42
15,"Mullhyttan",59.15,14.68333,93
15,"Nora",59.51926,15.03979,104
15,"Norra Bro",59.21667,15.25,39
15,"Odensbacken",59.16667,15.53333,26
15,"Ölmbrotorp",59.3922,15.24228,55
15,"Örebro",59.27412,15.2066,35
15,"Östansjö",59.05,14.98333,97
15,"Pålsboda",59.06565,15.33747,94
15,"Rinkaby",59.46667,15.58333,37
15,"Sköllersta",59.13738,15.3394,53
15,"Storå",59.71409,15.13169,71
15,"Stora Mellösa",59.21667,15.5,32
15,"Vedevåg",59.5269,15.29254,60
15,"Velanda",59.2,15.06667,43
15,"Vintrosa",59.25,14.95,80
15,"Vretstorp",59.03333,14.86667,65
16,"Åby",58.66667,16.18333,27
16,"Askeby",58.40772,15.84852,79
16,"Åtvidaberg",58.20152,15.9977,94
16,"Berg",58.48831,15.52969,60
16,"Bestorp",58.23333,15.73333,107
16,"Borensberg",58.56667,15.28333,107
16,"Boxholm",58.19719,15.05376,147
16,"Ekängen",58.46667,15.63333,40
16,"Finspång",58.70578,15.76739,46
16,"Grebo",58.30145,15.87085,88
16,"Gusum",58.2688,16.49894,54
16,"Herrestad",58.38333,14.8,97
16,"Horn",57.9,15.83333,98
16,"Jursla",58.66667,16.18333,27
16,"Kimstad",58.54967,15.96296,44
16,"Kisa",57.98781,15.63303,108
16,"Krokek",58.67231,16.36741,45
16,"Lidhult",57.95,15.4,215
16,"Lindö",58.61667,16.25,-9999
16,"Linghem",58.43333,15.78333,56
16,"Linköping",58.41086,15.62157,58
16,"Ljunga",58.51667,16.35,47
16,"Ljungsbro",58.51667,15.5,68
16,"Lotorp",58.73333,15.83333,76
16,"Malmslätt",58.41102,15.51647,88
16,"Mantorp",58.35,15.28333,115
16,"Mjölby",58.32595,15.12365,121
16,"Motala",58.53706,15.03649,107
16,"Norrköping",58.59419,16.1826,12
16,"Norsholm",58.50539,15.97243,40
16,"Öbonäs",58.54333,16.19092,55
16,"Ödeshög",58.22949,14.65294,146
16,"Österbymo",57.82465,15.27357,188
16,"Östra Husby",58.58306,16.55,15
16,"Rejmyre",58.83333,15.91667,72
16,"Rimforsa",58.13624,15.6865,95
16,"Ringarum",58.33333,16.45,38
16,"Ruda",58.63333,15.76667,60
16,"Ryd",58.66667,15.08333,130
16,"Skänninge",58.39427,15.08659,100
16,"Skärblacka",58.56667,15.9,46
16,"Slaka",58.36667,15.55,95
16,"Söderköping",58.48057,16.32221,8
16,"Stenstorp",58.48333,15.06667,119
16,"Strömsfors",58.68,16.33,85
16,"Sturefors",58.33333,15.73333,72
16,"Svärtinge",58.65507,16.02823,92
16,"Tallboda",58.42521,15.68154,48
16,"Tjällmo",58.71667,15.35,62
16,"Väderstad",58.31667,14.91667,112
16,"Vadstena",58.44863,14.88969,97
16,"Valdemarsvik",58.2031,16.60225,5
16,"Vikingstad",58.38304,15.43201,86
18,"Åkers Styckebruk",59.25,17.08333,38
18,"Ärla",59.27983,16.67896,50
18,"Arnö",58.72675,17.02322,16
18,"Bara",58.68333,17.06667,20
18,"Bergshammar",58.7405,16.91284,23
18,"Bie",59.08883,16.20978,60
18,"Björnlunda",59.06465,17.15931,27
18,"Eskilstuna",59.36661,16.5077,27
18,"Flen",59.05834,16.58781,37
18,"Forssjö",58.95372,16.29485,43
18,"Gnesta",59.04751,17.31191,19
18,"Hällberga",59.31667,16.6,34
18,"Hällbybrunn",59.39152,16.42229,41
18,"Hälleforsnäs",59.15208,16.497,79
18,"Hållsta",59.29491,16.45434,38
18,"Härad",59.36065,16.90339,45
18,"Högsjö",59.02669,15.66873,76
18,"Jönåker",58.74434,16.71947,10
18,"Katrineholm",58.99587,16.20721,51
18,"Kjulaås",59.38306,16.66667,30
18,"Kvicksund",59.45099,16.32131,14
18,"Malmköping",59.13333,16.73333,59
18,"Mariefred",59.25963,17.223,11
18,"Marielund",59.25101,17.18215,9
18,"Mellösa",59.1,16.55,40
18,"Nävekvarn",58.63306,16.8,27
18,"Nyköping",58.753,17.00788,20
18,"Olstorp",58.81667,16.63333,21
18,"Oxelösund",58.67057,17.10152,11
18,"Skogstorp",59.32472,16.48284,39
18,"Sköldinge",59.03106,16.44713,31
18,"Sparreholm",59.06667,16.81667,33
18,"Stallarholmen",59.36667,17.2,3
18,"Stigtomta",58.8,16.78333,46
18,"Stjärnhov",59.08333,17,62
18,"Strängnäs",59.37741,17.03119,14
18,"Svalsta",58.74273,16.86978,30
18,"Torshälla",59.41667,16.46667,13
18,"Trosa",58.89621,17.54812,8
18,"Tystberga",58.85,17.23306,20
18,"Vagnhärad",58.94587,17.48757,19
18,"Valla",59.01667,16.38333,30
18,"Vingåker",59.0433,15.87374,43
18,"Vrena",58.86091,16.69922,34
21,"Almunge",59.88333,18.05,32
21,"Alsike",59.75324,17.77331,46
21,"Alunda",60.06667,18.08333,24
21,"Alunda",60.26667,18.4,13
21,"Älvkarleby",60.57081,17.44895,19
21,"Anneberg",60.24167,18.41667,-9999
21,"Bälinge",59.95,17.53333,37
21,"Bålsta",59.5671,17.52781,14
21,"Björklinge",60.03004,17.55203,25
21,"Boda",60.25,18.38333,16
21,"Bredsand",59.58333,17.06667,10
21,"Enköping",59.63607,17.07768,16
21,"Fjärdhundra",59.77554,16.92106,48
21,"Gamla Uppsala",59.89817,17.63386,34
21,"Gåvsta",59.94297,17.87774,27
21,"Gimo",60.17304,18.18507,9
21,"Grillby",59.62603,17.25787,27
21,"Gunsta",59.85,17.83333,21
21,"Hagby",59.8,17.36667,41
21,"Harbo",60.1,17.2,25
21,"Heby",59.93815,16.86217,55
21,"Hummelsta",59.62673,16.9438,32
21,"Irsta",59.7,16.93333,31
21,"Järlåsa",59.88333,17.2,74
21,"Karby",60.15,17.58333,17
21,"Karlholmsbruk",60.52091,17.63152,8
21,"Knivsta",59.72564,17.78753,18
21,"Knutby",59.90867,18.26568,19
21,"Länna",59.87149,17.95125,33
21,"Lövstalöt",59.9574,17.57826,34
21,"Månkarbo",60.22822,17.46213,35
21,"Marieberg",60.23333,18.5,14
21,"Morgongåva",59.93395,16.96353,75
21,"Örbyhus",60.22407,17.70138,23
21,"Öregrund",60.33333,18.43333,15
21,"Örsundsbro",59.73333,17.3,15
21,"Österbybruk",60.2,17.9,36
21,"Östervåla",60.18333,17.18333,34
21,"Östhammar",60.25909,18.37408,5
21,"Råby",59.53333,17.5,18
21,"Sävja",59.81872,17.69958,36
21,"Skärplinge",60.46667,17.76667,9
21,"Skutskär",60.62507,17.41552,3
21,"Skyttorp",60.08333,17.73333,27
21,"Söderfors",60.38333,17.23333,26
21,"Storvreta",59.95933,17.70588,39
21,"Tärnsjö",60.15,16.93333,53
21,"Tierp",60.34269,17.51812,19
21,"Tobo",60.2584,17.65606,26
21,"Uppsala",59.85882,17.63889,20
21,"Vattholma",60.01667,17.73333,17
21,"Viby",60.1,17.2,25
21,"Vittinge",59.9,17.06667,62
21,"Ytternäs",59.78333,17.6,30
22,"Alster",59.39853,13.61369,71
22,"Åmotfors",59.76191,12.36211,87
22,"Årjäng",59.39217,12.13336,129
22,"Arvika",59.65528,12.58518,52
22,"Björneborg",59.24122,14.24942,123
22,"Charlottenberg",59.88422,12.30398,134
22,"Deje",59.603,13.472,78
22,"Edane",59.62918,12.82564,67
22,"Edsvalla",59.43472,13.20887,89
22,"Ekshärad",60.17275,13.49647,150
22,"Filipstad",59.71236,14.16831,137
22,"Forshaga",59.52541,13.48127,63
22,"Gärsnäs",59.41667,12.9,59
22,"Grums",59.35141,13.11105,64
22,"Hagfors",60.02378,13.67214,150
22,"Högsäter",59.9,11.98333,160
22,"Jössefors",59.67295,12.50335,76
22,"Karlstad",59.3793,13.50357,58
22,"Kil",59.50234,13.31277,101
22,"Koppom",59.70348,12.1542,176
22,"Kristinehamn",59.30978,14.10808,55
22,"Lesjöfors",59.9759,14.18264,251
22,"Molkom",59.60057,13.72115,80
22,"Munkfors",59.83856,13.54361,97
22,"Nykroppa",59.62274,14.30313,147
22,"Råtorp",59.40197,13.49144,53
22,"Säffle",59.13229,12.92888,60
22,"Sjötorp",59.48333,14.25,176
22,"Skåre",59.43333,13.43333,52
22,"Skattkärr",59.41208,13.67078,63
22,"Skoghall",59.32324,13.46552,56
22,"Slottsbron",59.3227,13.10268,68
22,"Storfors",59.53183,14.27201,136
22,"Sunne",59.83764,13.14302,71
22,"Töcksfors",59.50816,11.84431,120
22,"Torsby",60.13527,13.0082,100
22,"Uddeholm",60.01667,13.61667,129
22,"Vålberg",59.39145,13.18633,68
22,"Vallargärdet",59.47744,13.58505,63
22,"Väse",59.38249,13.85093,60
23,"Ånäset",64.26667,21.05,13
23,"Åsele",64.16026,17.34762,320
23,"Backa",64.98333,21.06667,58
23,"Björkvik",65.5,15.56667,412
23,"Bjurholm",63.93027,19.21369,173
23,"Boliden",64.86667,20.38333,226
23,"Bureå",64.61667,21.2,6
23,"Burträsk",64.51667,20.65,89
23,"Bygdeå",64.05992,20.85593,14
23,"Byske",64.95258,21.2058,9
23,"Dorotea",64.26185,16.41306,336
23,"Ersmark",63.88333,20.31667,44
23,"Ersmark",64.84806,20.896,31
23,"Forsbacka",64.76667,20.5,144
23,"Holmsund",63.70602,20.36409,12
23,"Hörnefors",63.62312,19.90856,-9999
23,"Innertavle",63.81121,20.40752,27
23,"Insjön",64.4,17.48333,422
23,"Jörn",65.05914,20.03919,267
23,"Kåge",64.83571,20.98453,14
23,"Långsele",64.81667,20.25,193
23,"Lögdeå",63.5489,19.38735,20
23,"Lövånger",64.36667,21.3,6
23,"Lycksele",64.59537,18.67351,224
23,"Malå",65.18501,18.74243,324
23,"Medle",64.73818,20.73206,47
23,"Nordmaling",63.56852,19.50244,20
23,"Norsjö",64.91206,19.48153,300
23,"Nyland",64.81667,20.76667,103
23,"Obbola",63.7,20.31667,1
23,"Ostvik",64.88333,21.06667,24
23,"Ramsele",64.06667,19.55,166
23,"Röbäck",63.80879,20.18901,30
23,"Robertsfors",64.19324,20.84806,62
23,"Rundvik",63.53333,19.43333,21
23,"Sävar",63.90383,20.55014,41
23,"Skellefteå",64.75067,20.95279,34
23,"Skelleftehamn",64.68333,21.23333,-9999
23,"Söderfors",64.81667,18.05,273
23,"Sorsele",65.53484,17.53702,340
23,"Stensjön",64.98333,21.1,44
23,"Storuman",65.0959,17.11731,396
23,"Storvik",65.15,20.73333,198
23,"Sunnansjö",64.1,19.35,204
23,"Svartå",65.03333,20.76667,184
23,"Täfteå",63.8397,20.47857,17
23,"Tallåsen",64.3,18.83333,275
23,"Tällberg",64.98333,20.8,162
23,"Tomtebo",63.80433,20.36955,42
23,"Umeå",63.82842,20.25972,24
23,"Ursviken",64.71261,21.1658,20
23,"Vännäs",63.90676,19.75712,81
23,"Vännäsby",63.91564,19.82438,81
23,"Viken",64.72587,20.91548,87
23,"Vilhelmina",64.62417,16.65596,349
23,"Vindeln",64.20175,19.71945,188
24,"Älandsbro",62.67714,17.8406,17
24,"Ånge",62.52495,15.65904,168
24,"Ankarsvik",62.37028,17.41167,-9999
24,"Ås",63.36667,16.58333,179
24,"Bergeforsen",62.53074,17.38123,43
24,"Bjästa",63.2,18.5,33
24,"Bollstabruk",62.99777,17.67348,2
24,"Bredbyn",63.44655,18.11019,45
24,"Dingersjö",62.27467,17.37994,1
24,"Essvik",62.31639,17.39306,-9999
24,"Fanbyn",62.4074,16.58549,71
24,"Fanbyn",63.36667,19.2,22
24,"Fors",63.41667,18.58333,140
24,"Frånö",62.90843,17.84729,1
24,"Fränsta",62.49855,16.17016,74
24,"Gimåt",63.31667,18.71667,121
24,"Härnösand",62.63228,17.93794,25
24,"Högsjö",62.52177,17.09133,136
24,"Husum",63.33333,19.16667,2
24,"Indal",62.57732,17.09807,94
24,"Johannedal",62.43424,17.37273,39
24,"Junsele",63.69586,16.88256,210
24,"Klingsta",62.32693,17.21764,81
24,"Köpmanholmen",63.16667,18.56667,9
24,"Kramfors",62.93161,17.77646,1
24,"Kungsgården",63,17.83333,13
24,"Kvissleby",62.29361,17.375,1
24,"Långsele",63.18333,17.06667,76
24,"Ljungaverk",62.48947,16.04257,79
24,"Lucksta",62.29903,17.04958,6
24,"Matfors",62.34864,17.03173,36
24,"Mellansel",63.42512,18.31555,49
24,"Näsåker",63.44384,16.9024,144
24,"Njurundabommen",62.26339,17.38354,40
24,"Nolby",62.2875,17.36917,1
24,"Nyland",63.00619,17.7594,1
24,"Örnsköldsvik",63.29091,18.71525,1
24,"Överhörnäs",63.28763,18.58119,1
24,"Ramsele",63.53947,16.46791,230
24,"Ramvik",62.81667,17.85,1
24,"Skottsund",62.29056,17.38694,4
24,"Sollefteå",63.16667,17.26667,2
24,"Söråker",62.50561,17.51032,91
24,"Stockvik",62.33667,17.36583,1
24,"Stöde",62.41917,16.58727,51
24,"Sundsbruk",62.45806,17.34889,39
24,"Sundsvall",62.39129,17.3063,26
24,"Svartvik",62.58639,17.90849,1
24,"Timrå",62.48654,17.32613,1
24,"Torsåker",63.06667,17.75,1
24,"Vattjom",62.36667,17,167
24,"Vi",62.3,17.16667,183
24,"Vi",62.43333,17.41667,65
25,"Annelund",60,16.03333,93
25,"Arboga",59.39387,15.83882,18
25,"Barkarö",59.54935,16.5074,21
25,"Dingtuna",59.57279,16.38722,21
25,"Enhagen-Ekbacken",59.56543,16.53045,11
25,"Fagersta",60.00418,15.79316,110
25,"Hallstahammar",59.61395,16.22846,35
25,"Hökåsen",59.66667,16.58333,59
25,"Horn",59.5,16.28333,23
25,"Irsta",59.6,16.7,22
25,"Kolbäck",59.56516,16.23037,24
25,"Kolsva",59.6,15.83333,47
25,"Köping",59.51404,15.99255,14
25,"Kungsör",59.42245,16.09656,30
25,"Norberg",60.06505,15.92366,124
25,"Ramnäs",59.76667,16.2,76
25,"Ransta",59.81037,16.63738,57
25,"Sala",59.91993,16.60655,62
25,"Skillinge",59.42423,16.11746,11
25,"Skinnskatteberg",59.83028,15.69337,120
25,"Skultuna",59.71667,16.41667,30
25,"Strömsholm",59.52717,16.243,16
25,"Surahammar",59.70725,16.22188,72
25,"Sylta",59.53333,15.98333,17
25,"Tillberga",59.68333,16.61667,37
25,"Valskog",59.44179,15.94429,27
25,"Västerås",59.61617,16.55276,16
25,"Västerfärnebo",59.94609,16.27794,73
26,"Akalla",59.41465,17.91398,42
26,"Åkersberga",59.47944,18.29967,9
26,"Alby",59.2335,17.8538,32
26,"Älmsta",59.96667,18.8,41
26,"Älta",59.26667,18.18333,46
26,"Alvik",59.33188,17.98325,15
26,"Älvnäs",59.28333,17.76667,16
26,"Arnö",60.11667,18.63333,13
26,"Årsta",59.2978,18.0514,39
26,"Bergshamra",59.38083,18.03427,36
26,"Bergshamra",59.63472,18.62806,23
26,"Bollmora",59.24196,18.22762,41
26,"Boo",59.33333,18.28333,37
26,"Brevik",59.21667,18.38333,39
26,"Brevik",59.35,18.2,41
26,"Bro",59.51667,17.63333,21
26,"Bromma",59.34,17.94,11
26,"Brunn",59.28,18.43,33
26,"Brunna",59.51667,17.75,22
26,"Dalarö",59.13306,18.40639,27
26,"Djurö",59.32653,18.71152,6
26,"Djursholm",59.39926,18.05619,22
26,"Edsbro",59.89304,18.49174,20
26,"Ekeby",59.25,17.52,35
26,"Ekerö",59.291,17.81212,13
26,"Enebyberg",59.43333,18.05,21
26,"Eriksberg",59.24241,17.81631,72
26,"Fisksätra",59.29153,18.2549,30
26,"Fittja",59.24868,17.85991,31
26,"Gamla Stan",59.32627,18.07251,28
26,"Gräddö",59.76667,19.03333,13
26,"Grödby",59.05,17.88333,46
26,"Gustavsberg",59.32684,18.38975,7
26,"Hallstavik",60.05,18.6,31
26,"Handen",59.16809,18.13796,66
26,"Haninge",59.16775,18.14478,67
26,"Hästhagen",59.3,18.15,14
26,"Hemmesta",59.32273,18.48675,24
26,"Hölö",59.01667,17.53333,47
26,"Hölö",59.28333,18.66667,30
26,"Huddinge",59.23705,17.98192,33
26,"Jakobsberg",59.42268,17.83508,25
26,"Järna",59.09165,17.56615,42
26,"Jordbro",59.14972,18.11667,52
26,"Karby",59.56087,18.22007,34
26,"Kårsta",59.65632,18.27292,35
26,"Kista",59.40316,17.94479,27
26,"Kopparmora",59.33306,18.58306,29
26,"Kummelnäs",59.35,18.28333,36
26,"Kungsängen",59.47857,17.74834,39
26,"Kungsberga",59.40483,17.62926,30
26,"Kungsholmen",59.33183,18.04118,28
26,"Långvik",59.24583,18.51667,38
26,"Lidingö",59.36667,18.13333,30
26,"Lindholmen",59.58333,18.1,43
26,"Märsta",59.62157,17.85476,19
26,"Mölnbo",59.05,17.41667,57
26,"Mörtnäs",59.31862,18.44312,9
26,"Nacka",59.31053,18.16372,49
26,"Norrtälje",59.75799,18.70496,13
26,"Nykvarn",59.17718,17.4323,46
26,"Nykvarn",59.8,18.3,33
26,"Nynäshamn",58.90337,17.94793,21
26,"Ölsta",59.4,17.65,22
26,"Oskar-Fredriksborg",59.4,18.43333,25
26,"Ösmo",58.98333,17.9,50
26,"Östermalm",59.33879,18.08487,30
26,"Parksidan",59.28071,17.84783,7
26,"Pershagen",59.15494,17.6534,33
26,"Raksta",59.22133,18.2985,50
26,"Råsunda",59.36588,17.99569,27
26,"Resarö",59.4291,18.33386,14
26,"Rimbo",59.75,18.36667,30
26,"Rindö",59.39688,18.39434,35
26,"Rönninge",59.2,17.73333,27
26,"Rörvik",59.9,18.9,20
26,"Rosersberg",59.58333,17.88333,32
26,"Rydbo",59.46191,18.18538,50
26,"Saltsjöbaden",59.28333,18.3,14
26,"Segeltorp",59.27597,17.93072,41
26,"Segersäng",59.02791,17.93379,42
26,"Sigtuna",59.61731,17.72361,16
26,"Skänninge",59.93333,18.48333,36
26,"Södermalm",59.31278,18.07577,39
26,"Södertälje",59.19554,17.62525,29
26,"Sollentuna",59.42804,17.95093,25
26,"Solna",59.36004,18.00086,22
26,"Stavsnäs",59.28333,18.68333,26
26,"Stenhamra",59.3344,17.68842,19
26,"Steninge",59.60199,17.80459,19
26,"Stockholm",59.32938,18.06871,17
26,"Stora Vika",58.95569,17.78644,16
26,"Strömma",59.28333,18.53333,-9999
26,"Strömma",59.70833,19,17
26,"Sundbyberg",59.36128,17.97114,24
26,"Svanberga",59.84431,18.66643,24
26,"Sylta",59.48014,17.71631,38
26,"Täby",59.4439,18.06872,23
26,"Tensta",59.3939,17.90111,32
26,"Tullinge",59.2,17.9,58
26,"Tumba",59.19858,17.83317,25
26,"Tureholm",59.31667,17.71667,35
26,"Upplands Väsby",59.51839,17.91128,17
26,"Vallentuna",59.53436,18.07758,20
26,"Vårby",59.26671,17.88407,32
26,"Vårsta",59.16528,17.79722,31
26,"Vasastan",59.34571,18.04985,35
26,"Vaxholm",59.40225,18.35317,10
26,"Vidja",59.2,18.06667,44
26,"Viksäter",59.24091,17.61486,65
27,"Abbekås",55.4,13.6,11
27,"Åhus",55.91667,14.28333,1
27,"Åkarp",55.65396,13.11107,8
27,"Allerum",56.12009,12.69406,29
27,"Anderslöv",55.43836,13.31966,49
27,"Ängelholm",56.2428,12.86219,11
27,"Arild",56.275,12.575,3
27,"Arkelstorp",56.16989,14.29082,16
27,"Arkelstorp",56.2,13.81667,52
27,"Arlöv",55.63248,13.07141,7
27,"Åsljunga",56.31667,13.36667,104
27,"Asmundtorp",55.88333,12.93333,17
27,"Åstorp",56.13566,12.9443,33
27,"Bara",55.58155,13.17862,31
27,"Barsebäck",55.76667,12.95,11
27,"Bårslöv",56.0091,12.8058,49
27,"Båstad",56.42689,12.85339,14
27,"Billeberga",55.88333,13,30
27,"Billesholm",56.05,13,57
27,"Bjärnum",56.29032,13.71128,95
27,"Bjärred",55.71667,13.01667,7
27,"Björnås",56.12487,12.96502,84
27,"Bjuv",56.08372,12.91914,23
27,"Blentarp",55.58333,13.6,55
27,"Borrby",55.45707,14.18041,34
27,"Broby",56.25521,14.07797,45
27,"Bromölla",56.07551,14.46958,10
27,"Brösarp",55.72442,14.10254,43
27,"Bunkeflostrand",55.54478,12.92375,4
27,"Dalby",55.66655,13.34976,76
27,"Degeberga",55.83333,14.08333,33
27,"Domsten",56.11887,12.60688,8
27,"Dösjebro",55.82098,13.02897,12
27,"Ekeby",56,12.96667,77
27,"Eslöv",55.83928,13.30393,68
27,"Everöd",55.9,14.1,24
27,"Färlöv",56.06667,14.08333,22
27,"Finja",56.16667,13.68333,74
27,"Fjälkinge",56.04364,14.27562,26
27,"Flyinge",55.75373,13.36671,22
27,"Förslöv",56.35,12.81667,47
27,"Furulund",55.7738,13.09022,17
27,"Gantofta",55.98729,12.80482,34
27,"Gärds Köpinge",55.93333,14.15,17
27,"Gärsnäs",55.54949,14.17923,62
27,"Genarp",55.59907,13.3982,41
27,"Gessie Villastad",55.5,12.95833,5
27,"Glimåkra",56.3,14.13333,72
27,"Glumslöv",55.94091,12.80929,62
27,"Grevie",56.36667,12.8,70
27,"Grevie",56.39167,12.78333,106
27,"Gualöv",56.05,14.41667,11
27,"Häljarp",55.85,12.91667,5
27,"Hammar",56.01667,14.21667,4
27,"Hammarslund",56.01798,14.19401,-1
27,"Hammenhög",55.5,14.15,62
27,"Hanaskog",56.16061,14.09307,24
27,"Harlösa",55.71725,13.52623,31
27,"Hasslarp",56.13333,12.81667,9
27,"Hässleholm",56.15905,13.76638,58
27,"Hästveda",56.28468,13.93547,68
27,"Helsingborg",56.04673,12.69437,13
27,"Hittarp",56.1,12.63333,5
27,"Hittarp",56.28333,14.11667,74
27,"Hjärnarp",56.31667,12.91667,43
27,"Hjärup",55.6688,13.13931,20
27,"Hofterup",55.80485,12.9797,12
27,"Höganäs",56.19971,12.55795,6
27,"Hököpinge",55.49411,13.00782,16
27,"Höllviken",55.40982,12.9558,4
27,"Höör",55.93444,13.5385,81
27,"Hörby",55.85238,13.66094,81
27,"Hyllinge",56.1,12.85,13
27,"Idala",55.62,13.5,52
27,"Jonstorp",56.2338,12.67184,11
27,"Kågeröd",55.99976,13.08795,63
27,"Kattarp",56.14024,12.78234,10
27,"Kävlinge",55.79188,13.11021,13
27,"Killeberg",56.47652,14.09709,140
27,"Kivik",55.6851,14.22025,28
27,"Klågerup",55.59416,13.24574,30
27,"Klagstorp",55.39296,13.37465,27
27,"Klippan",56.13559,13.13086,36
27,"Knislinge",56.18333,14.08333,23
27,"Köpingebro",55.45526,13.93453,9
27,"Kristianstad",56.03129,14.15242,8
27,"Kurland",55.375,13.08333,5
27,"Kvidinge",56.13386,13.04678,31
27,"Landskrona",55.8708,12.83016,7
27,"Ljungbyhed",56.07437,13.2401,47
27,"Ljunghusen",55.39793,12.92486,6
27,"Löberöd",55.7761,13.52414,133
27,"Löddeköpinge",55.76667,13.01667,10
27,"Löderup",55.43333,14.11667,20
27,"Lomma",55.67244,13.06849,1
27,"Lönsboda",56.4,14.31667,140
27,"Lövestad",55.65265,13.89148,84
27,"Ludvigsborg",55.9,13.6,76
27,"Lund",55.70584,13.19321,51
27,"Malmö",55.60587,13.00073,12
27,"Marieholm",55.86667,13.15,33
27,"Mölle",56.28333,12.5,26
27,"Mörarp",56.05749,12.88018,50
27,"Munka-Ljungby",56.25,12.96667,23
27,"Näsum",56.17693,14.49706,19
27,"Norra Åsum",55.98333,14.15,16
27,"Ödåkra",56.10412,12.7477,29
27,"Önnestad",56.05747,14.02233,17
27,"Onslunda",55.59815,14.05089,107
27,"Örkelljunga",56.28338,13.27773,72
27,"Osby",56.38165,13.99364,85
27,"Östra Grevie",55.46667,13.13333,38
27,"Östra Karup",56.42608,12.93595,14
27,"Östra Ljungby",56.19601,13.09199,45
27,"Oxie",55.54014,13.09605,36
27,"Påarp",56.03333,12.81667,54
27,"Perstorp",56.13829,13.39476,93
27,"Rinkaby",55.98333,14.26667,6
27,"Röstånga",56,13.28333,91
27,"Rydebäck",55.96667,12.76667,6
27,"Rydsgård",55.47285,13.58829,38
27,"Sandskogen",55.758,12.98333,16
27,"Sankt Olof",55.63333,14.13333,127
27,"Sätofta",55.91667,13.55,77
27,"Saxtorpsskogen",55.83208,12.94429,20
27,"Sibbhult",56.26667,14.2,72
27,"Simrishamn",55.55653,14.35037,12
27,"Sjöbo",55.63135,13.70622,50
27,"Sjörröd",56.28333,13.91667,73
27,"Skanör med Falsterbo",55.4,12.85,4
27,"Skåre",55.38333,13.05,2
27,"Skegrie",55.40633,13.07693,5
27,"Skepparkroken",56.29167,12.8,9
27,"Skillinge",55.47428,14.28283,4
27,"Skivarp",55.41667,13.56667,17
27,"Skurup",55.47839,13.50186,55
27,"Smygehamn",55.34337,13.36989,7
27,"Södra Sandby",55.71677,13.34659,31
27,"Sösdala",56.03992,13.67811,101
27,"Staffanstorp",55.64277,13.20638,17
27,"Stångby",55.7503,13.19797,47
27,"Stehag",55.90188,13.39577,62
27,"Stidsvig",56.2,13.13333,58
27,"Stoby",56.17772,13.82828,44
27,"Strövelstorp",56.16979,12.83925,13
27,"Svalöv",55.9134,13.10762,59
27,"Svarte",55.43184,13.71394,25
27,"Svedala",55.50788,13.23515,48
27,"Teckomatorp",55.86667,13.08333,29
27,"Tjörnarp",55.99543,13.6279,121
27,"Tollarp1",56.16667,14.28333,13
27,"Tollarp",55.93333,13.98333,39
27,"Tomelilla",55.54293,13.9546,65
27,"Torekov",56.425,12.63333,13
27,"Tormestorp",56.1135,13.74516,71
27,"Trelleborg",55.37514,13.15691,8
27,"Tygelsjö",55.51667,13,24
27,"Tyringe",56.16037,13.59811,80
27,"Valje",56.06279,14.54388,4
27,"Vallåkra",55.96133,12.85611,47
27,"Västra Ingelstad",55.49108,13.1121,37
27,"Västra Karup",56.41667,12.75,120
27,"Veberöd",55.63333,13.48333,38
27,"Vejbystrand",56.31778,12.76722,14
27,"Vellinge",55.47124,13.01971,13
27,"Viken",56.15063,12.57429,9
27,"Vinslöv",56.1,13.91667,31
27,"Vintrie",55.55,12.96667,14
27,"Vittsjö",56.34366,13.66081,107
27,"Vollsjö",55.70039,13.7915,91
27,"Yngsjö",55.88109,14.24237,8
27,"Ystad",55.42966,13.82041,8
28,"Åkarp",58.23333,13.65,161
28,"Alafors",57.92579,12.07835,13
28,"Alingsås",57.93033,12.53345,66
28,"Älvängen",57.95872,12.1235,8
28,"Åmål",59.051,12.70492,52
28,"Ammenäs",58.31361,11.8273,16
28,"Andalen",57.70039,11.76136,23
28,"Anderstorp",58.88333,14.28333,157
28,"Angered",57.78628,12.09852,85
28,"Annelund",57.98843,13.07483,176
28,"Ardala",58.36134,13.33648,103
28,"Aröd",57.96841,11.78487,45
28,"Åsarp",58.02397,13.5651,220
28,"Åsensbruk",58.79878,12.42194,73
28,"Axvall",58.38333,13.56667,129
28,"Bäckefors",58.8049,12.16202,154
28,"Bengtsfors",59.02912,12.23207,100
28,"Billdal",57.56667,11.93333,17
28,"Billingsfors",58.98333,12.25,90
28,"Björboholm",57.87096,12.32546,68
28,"Björketorp",57.4264,12.52523,26
28,"Björkö",57.73221,11.67916,14
28,"Björlanda",57.76667,11.83333,8
28,"Blidsberg",57.93333,13.48333,241
28,"Bollebygd",57.66866,12.57272,87
28,"Borås",57.72101,12.9401,143
28,"Brålanda",58.56344,12.34923,71
28,"Brännö",57.64528,11.78167,6
28,"Brastad",58.38333,11.48333,47
28,"Dalsjöfors",57.71667,13.08333,249
28,"Dals Långed",58.92555,12.30865,126
28,"Dals Rostock",58.71667,12.35,157
28,"Dalstorp",57.60405,13.52317,202
28,"Dalum",57.89852,13.4646,195
28,"Dingle",58.5275,11.5777,25
28,"Diseröd",57.92636,12.02598,63
28,"Donsö",57.6,11.79917,12
28,"Ed",58.91247,11.93308,152
28,"Ellös",58.18333,11.46667,3
28,"Eriksbo",57.77141,12.04183,43
28,"Fagersanna",58.46667,14.3,115
28,"Falköping",58.17347,13.55068,217
28,"Färgelanda",58.56816,11.99235,94
28,"Filsbäck",58.492,13.247,50
28,"Fjällbacka",58.6,11.28333,21
28,"Fjällbacka",59.04972,12.56667,136
28,"Floby",58.13333,13.33333,177
28,"Fotö",57.66667,11.65833,3
28,"Frändefors",58.5,12.28333,64
28,"Fristad",57.82483,13.01064,152
28,"Fritsla",57.55655,12.78457,85
28,"Frufällan",57.78333,12.96667,166
28,"Furulund",57.71667,12.13333,145
28,"Gällstad",57.66667,13.43333,219
28,"Gånghester",57.7,13.01667,219
28,"Gårdsten",57.8048,12.02883,103
28,"Göta",58.10617,12.15254,46
28,"Göteborg",57.70716,11.96679,10
28,"Götene",58.52824,13.49458,79
28,"Gråbo",57.83625,12.29954,73
28,"Grästorp",58.33219,12.68122,64
28,"Grebbestad",58.70248,11.25738,15
28,"Grimsås",57.4838,13.55027,213
28,"Grundsund",58.21217,11.41877,4
28,"Gullspång",58.98615,14.09644,58
28,"Hällekis",58.62919,13.43801,72
28,"Hällevadsholm",58.5796,11.54058,91
28,"Hälsö",57.73412,11.65807,5
28,"Hamburgsund",58.55254,11.27268,5
28,"Hammarkullen",57.78049,12.03604,91
28,"Härryda",57.65436,12.36318,137
28,"Henån",58.23848,11.67598,4
28,"Herrljunga",58.07739,13.02662,112
28,"Hillared",57.63333,13.15,195
28,"Hindås",57.70338,12.44657,140
28,"Hjo",58.30133,14.28784,98
28,"Hjuvik",57.70167,11.71639,13
28,"Hökerum",57.84085,13.28351,194
28,"Hönö",57.68972,11.64972,5
28,"Horred",57.35475,12.47777,27
28,"Hova",58.85363,14.21914,112
28,"Höviksnäs",58.03333,11.76667,-9999
28,"Hunnebostrand",58.44127,11.3032,26
28,"Hyssna",57.55726,12.53841,76
28,"Igelstorp",58.4,13.96667,130
28,"Ingared",57.85989,12.45161,79
28,"Järpås",58.38333,12.96667,72
28,"Jonsered",57.74588,12.1735,22
28,"Jonstorp",58,12.71667,107
28,"Jörlanda",57.9863,11.82943,18
28,"Kåhög",57.75086,12.15224,44
28,"Källby",58.50999,13.30582,59
28,"Kållered",57.60992,12.05106,15
28,"Karlsborg",58.53724,14.5047,93
28,"Kärna",57.85,11.78333,39
28,"Kinna",57.50728,12.69463,65
28,"Kinnarp",58.07786,13.52061,207
28,"Klövedal",58.03333,11.58333,16
28,"Kode",57.94263,11.85051,27
28,"Kungälv",57.87096,11.98054,13
28,"Kungshamn",58.36305,11.25938,14
28,"Kvänum",58.3,13.18333,81
28,"Kvisljungeby",57.75,11.83333,21
28,"Kyrkesund",58.01667,11.51667,20
28,"Landvetter",57.68665,12.21169,63
28,"Länghem",57.6,13.23333,181
28,"Lerdala",58.47839,13.71267,98
28,"Lerum",57.77051,12.26904,20
28,"Lidköping",58.50517,13.15765,52
28,"Lilla Edet",58.13333,12.13333,41
28,"Limmared",57.53592,13.35566,169
28,"Lindome",57.56667,12.08333,11
28,"Ljung",57.98678,13.05579,172
28,"Ljungskile",58.22452,11.92014,4
28,"Lödöse",58.02994,12.15934,30
28,"Lövgärdet",57.81555,12.03861,93
28,"Lugnås",58.64323,13.70162,61
28,"Lundsbrunn",58.47168,13.44727,124
28,"Lysekil",58.27429,11.43576,12
28,"Majorna",57.69195,11.91605,8
28,"Målsryd",57.68333,13.05,232
28,"Mariestad",58.70971,13.82367,56
28,"Mellerud",58.69979,12.45312,64
28,"Moholm",58.60645,14.03897,82
28,"Mölltorp",58.5,14.4,98
28,"Mölndal",57.6554,12.01378,9
28,"Mölnlycke",57.65893,12.11792,55
28,"Munkedal",58.46634,11.67345,24
28,"Myggenäs",58.06176,11.74936,22
28,"Nolvik",57.775,11.83333,8
28,"Nolvik",57.78333,11.81667,7
28,"Nossebro",58.18808,12.71599,88
28,"Öckerö",57.70814,11.65585,6
28,"Ödeborg",58.54506,11.97458,80
28,"Ödsmål",58.1,11.85,16
28,"Ödsmål",58.71667,11.48333,103
28,"Öjersjö",57.69882,12.13448,133
28,"Olofstorp",57.80444,12.17131,72
28,"Olofstorp",58.25,14,137
28,"Olsfors",57.69107,12.6979,125
28,"Olstorp",57.82277,12.27696,98
28,"Otterbäcken",58.95,14.03333,48
28,"Överlida",57.34957,12.89703,143
28,"Öxeryd",57.73621,12.27881,101
28,"Partille",57.7395,12.10642,11
28,"Rannebergen",57.80236,12.07131,115
28,"Rävlanda",57.65338,12.49791,65
28,"Rönnäng",57.93333,11.58333,36
28,"Rydboholm",57.65,12.88333,126
28,"Sålanda",57.98333,12.21667,21
28,"Sandared",57.70992,12.79238,161
28,"Sandhem",58.01667,13.48333,202
28,"Sandhult",57.76667,12.81667,232
28,"Sätila",57.54172,12.43429,54
28,"Säve",57.8,11.91667,10
28,"Sexdrega",57.58333,13.11667,185
28,"Sjömarken",57.71533,12.83495,161
28,"Sjövik",57.91667,12.36667,67
28,"Sjuntorp",58.2,12.21667,55
28,"Skara",58.38659,13.43836,120
28,"Skärhamn",57.98665,11.55742,9
28,"Skee",58.9257,11.26931,11
28,"Skepplanda",57.98333,12.2,7
28,"Skövde",58.39118,13.84506,152
28,"Skultorp",58.35,13.83333,150
28,"Smögen",58.35593,11.22411,11
28,"Sollebrunn",58.11667,12.53333,77
28,"Stenkullen",57.79476,12.31688,54
28,"Stenstorp",58.27254,13.71454,175
28,"Stenungsund",58.07046,11.8181,6
28,"Stöpen",58.47802,13.86611,87
28,"Stora Höga",58.01667,11.83333,11
28,"Stora Levene",58.32468,12.92533,85
28,"Strömstad",58.93945,11.1712,5
28,"Styrsö",57.61639,11.78556,20
28,"Sunningen",58.33333,11.83333,65
28,"Surte",57.82533,12.01604,8
28,"Svaneholm",57.61667,12.81667,94
28,"Svanesund",58.14292,11.81821,25
28,"Svenljunga",57.49551,13.11078,149
28,"Tanumshede",58.72385,11.32587,55
28,"Tibro",58.42453,14.16162,117
28,"Tidaholm",58.18035,13.95824,148
28,"Tidan",58.57467,14.00495,73
28,"Timmele",57.85946,13.42891,183
28,"Timmersdala",58.53333,13.75,90
28,"Tjuvkil",57.9,11.73333,26
28,"Tollered",57.81667,12.41667,87
28,"Tollered",57.95,12.1,8
28,"Töreboda",58.70739,14.12597,96
28,"Torslanda",57.72432,11.77013,26
28,"Tranemo",57.48333,13.35,165
28,"Trollhättan",58.28365,12.28864,49
28,"Tumlehed",57.73237,11.73778,38
28,"Ucklum",58.08333,11.95,52
28,"Uddevalla",58.34784,11.9424,13
28,"Ullervad",58.66667,13.86667,84
28,"Ulricehamn",57.79159,13.41422,189
28,"Upphärad",58.15807,12.30476,73
28,"Väjern",58.38333,11.26667,7
28,"Vänersborg",58.38075,12.3234,54
28,"Vara",58.26234,12.95413,84
28,"Varekil",58.12293,11.70777,56
28,"Vårgårda",58.03706,12.80907,109
28,"Vargön",58.35599,12.3906,59
28,"Väring",58.50486,13.96877,80
28,"Varnhem",58.38333,13.65,139
28,"Värsås",58.35,14.05,134
28,"Vartofta",58.1,13.63333,219
28,"Västra Frölunda",57.64667,11.92944,4
28,"Vedum",58.16667,12.98333,111
28,"Vegby",57.68333,13.38333,175
28,"Velanda",58.22883,12.30986,74
28,"Vinninga",58.45,13.26667,78
28,"Viskafors",57.62941,12.8489,135
2,"Bräkne-Hoby",56.23333,15.11667,31
2,"Fridlevstad",56.27298,15.53415,50
2,"Hällaryd",56.2,14.95,33
2,"Hällevik",56.01667,14.7,8
2,"Hasslö",56.11667,15.48333,7
2,"Hörvik",56.04233,14.76175,-9999
2,"Jämjö",56.19187,15.84115,27
2,"Jämshög",56.23333,14.51667,74
2,"Johannishus",56.21667,15.41667,33
2,"Kallinge",56.24841,15.28721,50
2,"Karlshamn",56.1706,14.86188,14
2,"Karlskrona",56.16156,15.58661,18
2,"Kyrkhult",56.35,14.58333,135
2,"Listerby",56.2,15.4,13
2,"Mjällby",56.05,14.68333,11
2,"Mörrum",56.19281,14.74739,17
2,"Nättraby",56.2,15.51667,25
2,"Nogersund",56,14.73333,-9999
2,"Norje",56.11667,14.66667,3
2,"Olofström",56.2773,14.53402,44
2,"Rödeby",56.26078,15.62143,53
2,"Ronneby",56.20999,15.27602,5
2,"Ronnebyhamn",56.18333,15.3,5
2,"Skavkulla",56.18333,15.51667,0
2,"Sölvesborg",56.05205,14.57525,15
2,"Sturkö",56.08333,15.7,7
2,"Svängsta",56.26667,14.76667,54
2,"Torhamn",56.1,15.83333,11
2,"Tving",56.30532,15.47129,64
3,"Åbyggeby",60.73333,17.11667,19
3,"Åbyggeby",60.91667,16.65,75
3,"Alfta",61.34675,16.07499,94
3,"Arbrå",61.46667,16.38333,107
3,"Årsunda",60.51644,16.73436,54
3,"Åshammar",60.63712,16.56036,89
3,"Bergby",60.92931,17.04194,17
3,"Bergsjö",61.98253,17.06368,27
3,"Bergvik",61.25349,16.82749,93
3,"Björke",60.76667,17.2,17
3,"Bollnäs",61.34817,16.39464,38
3,"Bönan",60.73962,17.31239,1
3,"Delsbo",61.80104,16.55571,62
3,"Edsbyn",61.37692,15.81747,155
3,"Enånger",61.54556,17.01056,14
3,"Färila",61.80011,15.84422,156
3,"Forsbacka",60.61667,16.88333,52
3,"Forsby",60.71667,17.13333,13
3,"Friggesund",61.89605,16.54904,50
3,"Furuvik",60.65,17.33333,8
3,"Gävle",60.67452,17.14174,3
3,"Gnarp",62.04874,17.25858,30
3,"Hammarby",60.54385,16.56934,59
3,"Hamrångefjärden",60.9,17.06667,1
3,"Harmånger",61.9276,17.21849,14
3,"Hedesunda",60.4,17,52
3,"Hofors",60.54573,16.28668,114
3,"Hudiksvall",61.72744,17.10558,2
3,"Iggesund",61.64219,17.07477,30
3,"Järbo",60.71667,16.6,111
3,"Järvsö",61.71667,16.16667,111
3,"Kilafors",61.23333,16.56667,39
3,"Kungsgården",60.6,16.61667,41
3,"Ljusdal",61.82883,16.09126,132
3,"Ljusne",61.2117,17.1279,2
3,"Mohed",61.29799,16.81394,50
3,"Näsviken",61.76667,16.86667,83
3,"Njutånger",61.6125,17.05556,3
3,"Norrsundet",60.95,17.13333,2
3,"Ockelbo",60.8912,16.71846,59
3,"Överhärde",60.61667,16.96667,36
3,"Sandarne",61.25893,17.15284,1
3,"Sandviken",60.61667,16.76667,66
3,"Söderala",61.28333,16.96667,11
3,"Söderhamn",61.30373,17.05921,2
3,"Sörforsa",61.73333,16.98333,54
3,"Storvik",60.58333,16.53333,49
3,"Tallåsen",61.86667,16.01667,199
3,"Torsåker",60.5109,16.47069,68
3,"Valbo",60.65,17.03333,17
5,"Fårösund",57.85822,19.0619,7
5,"Hemse",57.23788,18.37443,26
5,"Klintehamn",57.38667,18.20371,6
5,"Österby",57.71806,18.80086,3
5,"Roma",57.50357,18.45899,32
5,"Slite",57.70461,18.8031,5
5,"Tofta",57.48984,18.13429,13
5,"Vibble",57.60452,18.25601,43
5,"Visby",57.64089,18.29602,22
6,"Åled",56.75,12.93333,84
6,"Årnäs",57.20627,12.21293,14
6,"Åsa",57.35,12.11667,25
6,"Bua",57.2378,12.12187,12
6,"Eldsberga",56.6,13,38
6,"Falkenberg",56.90552,12.49118,15
6,"Fjärås kyrkby",57.45913,12.17508,26
6,"Frillesås",57.31667,12.16667,14
6,"Frösakull",56.68333,12.73333,28
6,"Fyllinge",56.65,12.91667,15
6,"Genevad",56.56858,13.03186,22
6,"Getinge",56.81667,12.73333,23
6,"Glommen",56.93333,12.35,-9999
6,"Glommen",57.93333,12.35,101
6,"Gullbrandstorp",56.7,12.73333,28
6,"Gullbranna",56.59167,12.95,8
6,"Halmstad",56.67446,12.85676,11
6,"Harplinge",56.74491,12.72758,44
6,"Haverdal",56.72222,12.67194,8
6,"Holm",56.73948,12.85462,48
6,"Hyltebruk",56.99892,13.23958,119
6,"Kläppa",57.35989,12.15801,34
6,"Knäred",56.51861,13.32423,67
6,"Kungsbacka",57.48719,12.07612,6
6,"Kvibille",56.78333,12.83333,55
6,"Kyrkhult",56.55,13.26667,117
6,"Laholm",56.51207,13.04371,17
6,"Långås",56.98333,12.45,20
6,"Lilla Tjärby",56.527,13.05676,43
6,"Mellbystrand",56.48561,12.93958,11
6,"Mjällby",56.68333,12.76667,23
6,"Ölmanäs",57.36241,12.08839,13
6,"Onsala",57.42531,12.02903,34
6,"Oskarström",56.8,12.96667,52
6,"Rolfstorp",57.15,12.45,93
6,"Särö",57.50577,11.9321,9
6,"Simlångsdalen",56.72199,13.13211,92
6,"Skällinge",57.18333,12.46667,77
6,"Skottorp",56.44929,12.96067,14
6,"Skrea",56.88333,12.56667,27
6,"Slöinge",56.85,12.68333,24
6,"Steninge",56.769,12.63034,20
6,"Tångaberg",57.17358,12.22753,9
6,"Torup",56.95663,13.07725,90
6,"Träslövsläge",57.05417,12.27899,11
6,"Trönninge",56.61667,12.93333,8
6,"Trönninge",57.14474,12.29253,44
6,"Trönningenäs",57.13846,12.22596,6
6,"Tvååker",57.04147,12.3995,17
6,"Ullared",57.13333,12.71667,65
6,"Unnaryd",56.95,13.51667,176
6,"Vallberga",56.46667,13.01667,13
6,"Vallda",57.4775,12.00139,44
6,"Varberg",57.10557,12.25078,15
6,"Väröbacka",57.25,12.18333,8
6,"Västra Hagen",57.42444,11.93583,4
6,"Våxtorp",56.41678,13.12008,50
6,"Veddige",57.26591,12.3322,16
6,"Veinge",56.55,13.06667,79
6,"Vessigebro",56.98333,12.65,33
6,"Villshärad",56.69466,12.69586,16
6,"Vinberg",56.94968,12.54394,36
7,"Åre",63.39911,13.07995,379
7,"Ås",63.25,14.56667,375
7,"Backe",63.81667,16.4,231
7,"Björnänge",63.38333,13.13333,372
7,"Bräcke",62.75067,15.42193,307
7,"Brunflo",63.07586,14.83203,339
7,"Duved",63.4,12.86667,420
7,"Dvärsätt",63.31667,14.46667,310
7,"Föllinge",63.66667,14.61667,310
7,"Funäsdalen",62.54607,12.5428,663
7,"Gällö",62.91275,15.2319,304
7,"Hackås",62.91667,14.51667,326
7,"Hållsta",63,14.96667,325
7,"Hammarstrand",63.11041,16.35377,124
7,"Hammerdal",63.57615,15.36516,290
7,"Hede",62.41367,13.51255,434
7,"Hoting",64.11353,16.20552,243
7,"Hoverberg",62.81381,14.44735,300
7,"Järpen",63.3462,13.46572,330
7,"Krokom",63.32589,14.44883,294
7,"Lit",63.32029,14.84594,264
7,"Mörsil",63.30906,13.66356,363
7,"Nälden",63.35,14.25,321
7,"Östersund",63.1792,14.63566,328
7,"Sörvik",64.13333,15.71667,368
7,"Strömsund",63.85206,15.55583,299
7,"Stugun",63.16667,15.6,222
7,"Sveg",62.03407,14.36577,354
7,"Svenstavik",62.76667,14.43535,331
7,"Undersåker",63.31722,13.24847,445
7,"Valla",63.55,13.8,350
7,"Vemdalen",62.45,13.86667,430
7,"Ytterhogdal",62.175,14.94089,262
8,"Anderstorp",57.28333,13.63333,159
8,"Aneby",57.83895,14.81016,223
8,"Anneberg",57.72349,14.80627,226
8,"Bankeryd",57.86021,14.124,116
8,"Barnarp",57.704,14.178,224
8,"Bodafors",57.5,14.7,276
8,"Bor",57.11667,14.16667,169
8,"Bottnaryd",57.77186,13.82631,228
8,"Bredaryd",57.17343,13.73789,165
8,"Burseryd",57.2,13.28333,141
8,"Burseryd",57.36667,14.78333,228
8,"Ekenässjön",57.49175,15.02226,227
8,"Eksjö",57.66643,14.97205,215
8,"Forserum",57.7,14.46667,277
8,"Forsheda",57.16415,13.83016,153
8,"Gislaved",57.3044,13.54078,167
8,"Gnosjö",57.3585,13.73686,177
8,"Gränna",58.01667,14.46667,203
8,"Habo",57.91185,14.07444,182
8,"Hällaryd",57.46667,15.16667,163
8,"Hestra",57.44232,13.59575,185
8,"Hestra",57.91667,14.58333,286
8,"Hillerstorp",57.31293,13.88437,166
8,"Hok",57.51529,14.27746,216
8,"Holsbybrunn",57.43333,15.2,162
8,"Huskvarna",57.78596,14.30214,217
8,"Jönköping",57.78145,14.15618,100
8,"Kaxholmen",57.85345,14.30457,191
8,"Korsberga",57.30246,15.12519,243
8,"Kortebo",57.81667,14.15,119
8,"Landsbro",57.36667,14.9,205
8,"Lekeryd",57.76667,14.4,227
8,"Linneryd",57.4,14.15,184
8,"Malmbäck",57.57667,14.4617,285
8,"Mariannelund",57.61667,15.56667,147
8,"Marieholm",57.38333,13.85,226
8,"Mullsjö",57.9171,13.87831,256
8,"Myresjö",57.38509,14.96325,217
8,"Nässjö",57.65307,14.69676,303
8,"Odensjö",57.71667,14.16667,180
8,"Reftele",57.17467,13.59498,151
8,"Rörvik",57.2381,14.57719,215
8,"Rydaholm",56.98388,14.30849,202
8,"Ryssby",57.71667,14.65,273
8,"Sandhem",57.98333,13.76667,233
8,"Sävsjö",57.40327,14.66244,226
8,"Skillingaryd",57.43044,14.09383,188
8,"Smålandsstenar",57.16241,13.41212,148
8,"Sommen",58.13333,14.96667,156
8,"Stockaryd",57.31737,14.59341,226
8,"Taberg",57.67722,14.08876,221
8,"Tenhult",57.70761,14.32205,230
8,"Tranås",58.03717,14.9782,164
8,"Vaggeryd",57.49807,14.14842,203
8,"Värnamo",57.18604,14.04001,156
8,"Vetlanda",57.42887,15.07762,187
8,"Vrigstad",57.35,14.46667,192
9,"Ålem",56.95,16.38333,18
9,"Algutsrum",56.68299,16.52722,45
9,"Ankarsrum",57.69896,16.33407,57
9,"Berga",57.21667,16.03333,97
9,"Bergkvara",56.39063,16.07274,5
9,"Blomstermåla",56.98333,16.33333,26
9,"Borgholm",56.8793,16.65634,6
9,"Emmaboda",56.63268,15.53648,127
9,"Färjestaden",56.6499,16.46859,3
9,"Figeholm",57.36667,16.55,11
9,"Fliseryd",57.13333,16.26667,43
9,"Gamleby",57.89485,16.40508,32
9,"Gullringen",57.8,15.7,138
9,"Gunnebo",57.71667,16.53333,31
9,"Hagby",56.55175,16.18684,8
9,"Högsby",57.16597,16.02562,72
9,"Hultsfred",57.48815,15.84357,104
9,"Järnforsen",57.41667,15.61667,111
9,"Kalmar",56.66157,16.36163,7
9,"Kristdala",57.4007,16.20496,73
9,"Lindsdal",56.73333,16.3,18
9,"Ljungbyholm",56.63333,16.16667,17
9,"Löttorp",57.16667,16.98333,5
9,"Målilla",57.38773,15.80675,97
9,"Mönsterås",57.04134,16.44463,8
9,"Mörbylånga",56.5248,16.37877,2
9,"Mörlunda",57.31667,15.85,89
9,"Nybro",56.74461,15.90714,85
9,"Orrefors",56.84058,15.74599,166
9,"Oskarshamn",57.26455,16.44837,22
9,"Överum",57.98856,16.3139,64
9,"Påryd",56.56667,15.91667,83
9,"Påskallavik",57.16667,16.45,21
9,"Piperskärr",57.78333,16.63306,23
9,"Rinkabyholm",56.64972,16.26667,14
9,"Rockneby",56.80223,16.35014,12
9,"Ruda",57.10911,16.11424,80
9,"Silverdalen",57.54095,15.75104,124
9,"Skogsby",56.63643,16.52321,43
9,"Smedby",56.67413,16.2432,9
9,"Söderåkra",56.45,16.06667,10
9,"Södra Sandby",56.56667,16.61667,13
9,"Södra Vi",57.73993,15.79391,125
9,"Storebro",57.58333,15.85,111
9,"Timmernabben",56.96667,16.43333,6
9,"Torsås",56.41251,15.99844,18
9,"Trekanten",56.7,16.11667,37
9,"Vassmolösa",56.6,16.16667,14
9,"Västervik",57.7584,16.63733,11
9,"Vimmerby",57.66588,15.85515,124
9,"Virserum",57.31667,15.58333,129
9,"Vissefjärda",56.53333,15.58333,117
